Sample ID,Site,Vegetation,NPOC (mg/l),TNb (mg/l)
BHM-B-1,Brimham Moor,Bracken,93.055,9.67
BHM-B-10,Brimham Moor,Bracken,205.7143333,12.29966667
BHM-B-2,Brimham Moor,Bracken,442.5076667,25.126
BHM-B-3,Brimham Moor,Bracken,170.5826667,9.001
BHM-B-4,Brimham Moor,Bracken,131.9916667,8.331666667
BHM-B-5,Brimham Moor,Bracken,371.378,20.808
BHM-B-6,Brimham Moor,Bracken,174.081,10.144
BHM-B-7,Brimham Moor,Bracken,196.2873333,8.286333333
BHM-B-8,Brimham Moor,Bracken,93.69033333,4.908666667
BHM-B-9,Brimham Moor,Bracken,291.2123333,9.735
BHM-H-1,Brimham Moor,Heath,128.0616667,6.538666667
BHM-H-10,Brimham Moor,Heath,112.2666667,7.003
BHM-H-2,Brimham Moor,Heath,593.0933333,20.55466667
BHM-H-3,Brimham Moor,Heath,190.6533333,8.459
BHM-H-4,Brimham Moor,Heath,186.6266667,3.224666667
BHM-H-5,Brimham Moor,Heath,261.1266667,9.531666667
BHM-H-6,Brimham Moor,Heath,78.998,4.449333333
BHM-H-7,Brimham Moor,Heath,115.3963333,3.230333333
BHM-H-8,Brimham Moor,Heath,239.827,3.357666667
BHM-H-9,Brimham Moor,Heath,237.529,13.86366667
BRI-B-1,Bridestones,Bracken,334.6696667,11.60066667
BRI-B-10,Bridestones,Bracken,335.0363333,12.77233333
BRI-B-2,Bridestones,Bracken,176.3813333,5.696666667
BRI-B-3,Bridestones,Bracken,197.177,5.896666667
BRI-B-4,Bridestones,Bracken,270.8976667,10.72433333
BRI-B-5,Bridestones,Bracken,223.586,5.632
BRI-B-6,Bridestones,Bracken,99.363,1.973
BRI-B-7,Bridestones,Bracken,262.1143333,8.648
BRI-B-8,Bridestones,Bracken,173.7163333,6.149
BRI-B-9,Bridestones,Bracken,300.1533333,13.18966667
BRI-H-1,Bridestones,Heath,340.529,9.905
BRI-H-10,Bridestones,Heath,101.163,2.067666667
BRI-H-2,Bridestones,Heath,192.5263333,2.933666667
BRI-H-3,Bridestones,Heath,168.048,4.142333333
BRI-H-4,Bridestones,Heath,100.9426667,1.642333333
BRI-H-5,Bridestones,Heath,54.555,0.493666667
BRI-H-6,Bridestones,Heath,134.7126667,2.398666667
BRI-H-7,Bridestones,Heath,206.4776667,5.114666667
BRI-H-8,Bridestones,Heath,281.4853333,6.947
BRI-H-9,Bridestones,Heath,381.0196667,13.15466667
HAW-B-1,Haweswater,Bracken,301.519,17.715
HAW-B-10,Haweswater,Bracken,364.203,18.725
HAW-B-2,Haweswater,Bracken,315.953,20.82233333
HAW-B-3,Haweswater,Bracken,497.348,25.77266667
HAW-B-4,Haweswater,Bracken,819.345,54.47866667
HAW-B-5,Haweswater,Bracken,666.559,73.89266667
HAW-B-6,Haweswater,Bracken,592.687,38.65533333
HAW-B-7,Haweswater,Bracken,481.141,45.24266667
HAW-B-8,Haweswater,Bracken,315.7546667,16.86833333
HAW-B-9,Haweswater,Bracken,555.524,27.77466667
HAW-H-1,Haweswater,Heath,257.186,12.83
HAW-H-10,Haweswater,Heath,859.323,40.069
HAW-H-2,Haweswater,Heath,338.5546667,10.01533333
HAW-H-3,Haweswater,Heath,619.5816667,17.60366667
HAW-H-4,Haweswater,Heath,594.7196667,20.47533333
HAW-H-5,Haweswater,Heath,632.6553333,27.60666667
HAW-H-6,Haweswater,Heath,380.3343333,14.698
HAW-H-7,Haweswater,Heath,765.9096667,27.99166667
HAW-H-8,Haweswater,Heath,1012.715,29.711
HAW-H-9,Haweswater,Heath,846.0816667,27.23466667
SWM-B-1,Scarth Wood Moor,Bracken,184.246,5.51
SWM-B-10,Scarth Wood Moor,Bracken,333.007,8.878
SWM-B-2,Scarth Wood Moor,Bracken,276.5076667,9.902
SWM-B-3,Scarth Wood Moor,Bracken,171.5893333,9.583
SWM-B-4,Scarth Wood Moor,Bracken,314.1483333,8.648333333
SWM-B-5,Scarth Wood Moor,Bracken,141.2503333,4.832333333
SWM-B-6,Scarth Wood Moor,Bracken,211.2576667,11.69966667
SWM-B-7,Scarth Wood Moor,Bracken,454.9093333,23.08166667
SWM-B-8,Scarth Wood Moor,Bracken,258.2286667,10.93466667
SWM-B-9,Scarth Wood Moor,Bracken,280.0686667,12.38
SWM-H-1,Scarth Wood Moor,Heath,121.0753333,5.641333333
SWM-H-10,Scarth Wood Moor,Heath,145.6033333,3.186
SWM-H-2,Scarth Wood Moor,Heath,214.2536667,7.111
SWM-H-3,Scarth Wood Moor,Heath,268.4896667,5.134
SWM-H-4,Scarth Wood Moor,Heath,204.2876667,4.437
SWM-H-5,Scarth Wood Moor,Heath,224.4376667,9.142333333
SWM-H-6,Scarth Wood Moor,Heath,424.837,8.108666667
SWM-H-7,Scarth Wood Moor,Heath,435.3,13.22966667
SWM-H-8,Scarth Wood Moor,Heath,388.019,13.52
SWM-H-9,Scarth Wood Moor,Heath,212.8256667,2.914
WDY-B-1,Widdybanks,Bracken,202.262,12.77566667
WDY-B-10,Widdybanks,Bracken,239.4656667,17.98
WDY-B-2,Widdybanks,Bracken,256.9756667,11.08033333
WDY-B-3,Widdybanks,Bracken,202.954,15.75466667
WDY-B-4,Widdybanks,Bracken,296.214,19.26733333
WDY-B-5,Widdybanks,Bracken,347.2513333,16.488
WDY-B-6,Widdybanks,Bracken,228.604,20.00633333
WDY-B-7,Widdybanks,Bracken,279.5653333,14.715
WDY-B-8,Widdybanks,Bracken,220.8673333,15.51866667
WDY-B-9,Widdybanks,Bracken,372.0956667,20.231
WDY-H-1,Widdybanks,Heath,165.43,9.476
WDY-H-10,Widdybanks,Heath,90.48766667,9.296666667
WDY-H-2,Widdybanks,Heath,137.8816667,4.532
WDY-H-3,Widdybanks,Heath,125.3873333,5.067666667
WDY-H-4,Widdybanks,Heath,127.7286667,11.072
WDY-H-5,Widdybanks,Heath,234.1356667,11.635
WDY-H-6,Widdybanks,Heath,114.7626667,7.176
WDY-H-7,Widdybanks,Heath,962.8563333,35.93166667
WDY-H-8,Widdybanks,Heath,495.174,22.08966667
WDY-H-9,Widdybanks,Heath,255.8033333,16.34266667
WHI-B-1,Whiteside,Bracken,390.9366667,27.121
WHI-B-10,Whiteside,Bracken,355.1153333,20.095
WHI-B-2,Whiteside,Bracken,306.321,16.42166667
WHI-B-3,Whiteside,Bracken,422.5143333,22.355
WHI-B-4,Whiteside,Bracken,319.5526667,14.67166667
WHI-B-5,Whiteside,Bracken,471.3676667,21.72533333
WHI-B-6,Whiteside,Bracken,357.7173333,28.48766667
WHI-B-7,Whiteside,Bracken,502.934,34.70766667
WHI-B-8,Whiteside,Bracken,316.1513333,20.64566667
WHI-B-9,Whiteside,Bracken,329.2703333,21.85566667
WHI-H-1,Whiteside,Heath,417.1293333,11.485
WHI-H-10,Whiteside,Heath,323.0686667,12.324
WHI-H-2,Whiteside,Heath,412.9786667,14.46433333
WHI-H-3,Whiteside,Heath,735.635,13.69
WHI-H-4,Whiteside,Heath,323.3056667,8.289333333
WHI-H-5,Whiteside,Heath,463.8246667,10.04433333
WHI-H-6,Whiteside,Heath,439.914,11.46466667
WHI-H-7,Whiteside,Heath,377.5096667,13.97833333
WHI-H-8,Whiteside,Heath,312.76,9.268666667
WHI-H-9,Whiteside,Heath,457.929,10.19966667
